M190047ME,OBAIDULLAH  
M190069ME,MOHIT PAL SINGH  
M190098ME,KUMBHAR VISHVAJIT SURESH  
M190100ME,DEEPAK SAMAL  
M190136ME,ABIJITH KP  
M190193ME,SARTHAK GOYAL  
M190194ME,SAURABH PANDEY  
M190225ME,PUPPALA SRIDHAR  
M190280ME,ALOK KUMAR SINGH  
M190284ME,SHINO SAMUEL  
M190408ME,ANOJ J  
M190432ME,BATTU ANUDEEP  
M190485ME,VIVEK KUMAR NAYAK  
M190507ME,JAZEEL AHAMED E A  
M190520ME,MOHAMED SHAYEEZ  
M190559ME,RANDHIR KUMAR  
M190605ME,VARUN M  
M190613ME,ALAPATI BALA SUJITH KUMAR  
M190614ME,PULAK PATTANAIK  
M190631ME,SAURAV ADHIKARI  
M190642ME,MAHANTESH MALLAPPA SANGALAD  
