M170516EE,RAJNI SONI  
M190125EE,AMAL N N  
M190296EE,KARLAPUDI SAIKIRAN  
M190436EE,PALURU NAGAMANI  
M190439EE,AMAL T R  
M190445EE,DEEPAK SREEDHARAN  
M190453EE,ARAVIND S  
M190456EE,BIRRU SRINIVAS  
M190480EE,GOTTAPU LITHESH KUMAR  
M190481EE,RESHMA SAJEEV  
M190490EE,A MONICA  
M190506EE,ARAVIND H S  
M190511EE,SHOBY GEORGE  
M190533EE,JYOTISANA MEENA  
M190536EE,AMAN TRIPATHI  
M190555EE,SALI TAPASWI  
M190557EE,KEERTHANA S  
M190578EE,ATHUL VIJAY M P  
M190588EE,DAVID MATHEW JONES  
M190616EE,RAHUL KUMAR  
M190635EE,KUMARI SUBRATA BHANU  
M190652EE,ADITYA KUMAR  
M190746EE,ANEEJA. K.J  
